ISIN,Name,Coupon,Maturity,Price,Currency,Type,Country,LSEGYield,LSEGModDur,GSpread,CouponType,QuoteDate
IT0004085822,Palermo (Municipality) 4.49% 09/2026,4.49,2026-09-30,97.825,Euro,govt,IT,5.734,,331.593,Plain Vanilla Fixed Coupon,2023-04-03
IT0001086567,Italy 7.25% 11/2026,7.25,2026-11-01,100.392,Euro,govt,IT,2.6442,0.091471,22.0728,Plain Vanilla Fixed Coupon,2026-09-25
IT0005210650,Italy 1.25% 12/2026,1.25,2026-12-01,99.754,Euro,govt,IT,2.6309,0.171481,14.5904,Plain Vanilla Fixed Coupon,2026-09-26
IT0004159296,Padua (Province) 3.99225% 12/2026,3.99225,2026-12-07,,Euro,govt,IT,,,,Plain Vanilla Fixed Coupon,
IT0004161417,Verona (Province) 4.08% 12/2026,4.08,2026-12-14,,Euro,govt,IT,,,,Plain Vanilla Fixed Coupon,
IE00B1LD3052,Valle d'Aosta (Autonomous Region) 4.197% 12/2026,4.197,2026-12-31,101.927,Euro,govt,IT,-0.359,,32.748,Plain Vanilla Fixed Coupon,2022-01-26
IT0005390874,Italy 0.85% 01/2027,0.85,2027-01-15,99.464,Euro,govt,IT,2.6277,0.292218,1.1197,Plain Vanilla Fixed Coupon,2026-09-26
IT0005580045,Italy 2.95% 02/2027,2.95,2027-02-15,100.012,Euro,govt,IT,2.8442,0.373749,13.7143,Plain Vanilla Fixed Coupon,2026-09-26
IT0005633794,Italy 2.55% 02/2027,2.55,2027-02-25,99.847,Euro,govt,IT,2.8617,0.400908,13.8332,Plain Vanilla Fixed Coupon,2026-09-26
IT0005484552,Italy 1.1% 04/2027,1.1,2027-04-01,99.08,Euro,govt,IT,2.9147,0.49562,13.5704,Plain Vanilla Fixed Coupon,2026-09-26
XS1505666815,Italy 1.448% 04/2027,1.448,2027-04-17,98.918,Euro,eurobond,IT,3.4373,0.539832,62.6862,Plain Vanilla Fixed Coupon,2026-09-25
XS1236858657,Italy 2.127% 05/2027,2.127,2027-05-22,99.255,Euro,eurobond,IT,3.3058,0.631525,42.6329,Plain Vanilla Fixed Coupon,2026-09-25
IT0005240830,Italy 2.2% 06/2027,2.2,2027-06-01,99.447,Euro,govt,IT,3.0047,0.656837,10.5562,Plain Vanilla Fixed Coupon,2026-09-26
IT0005599904,Italy 3.45% 07/2027,3.45,2027-07-15,100.229,Euro,govt,IT,3.1288,0.773876,17.3687,Plain Vanilla Fixed Coupon,2026-09-26
IT0005274805,Italy 2.05% 08/2027,2.05,2027-08-01,99.11,Euro,govt,IT,3.0982,0.823804,12.7557,Plain Vanilla Fixed Coupon,2026-09-26
IT0005657330,Italy 2.1% 08/2027,2.1,2027-08-26,99.019,Euro,govt,IT,3.183,0.888914,18.9624,Plain Vanilla Fixed Coupon,2026-09-26
IT0005416570,Italy 0.95% 09/2027,0.95,2027-09-15,97.914,Euro,govt,IT,3.1484,0.943849,13.681,Plain Vanilla Fixed Coupon,2026-09-26
IT0005622128,Italy 2.7% 10/2027,2.7,2027-10-15,99.444,Euro,govt,IT,3.2716,1.00804,23.2638,Plain Vanilla Fixed Coupon,2026-09-26
IT0005388175,Italy 0.65% 10/2027,0.65,2027-10-28,101.24,Euro,govt,IT,-0.4938,1.077479,,Plain Vanilla Fixed Coupon,2026-09-25
IT0001174611,Italy 6.5% 11/2027,6.5,2027-11-01,103.431,Euro,govt,IT,3.2916,1.026789,24.0197,Plain Vanilla Fixed Coupon,2026-09-25
IT0004298243,Padua (Province) 4.534% 11/2027,4.534,2027-11-29,,Euro,govt,IT,,,,Plain Vanilla Fixed Coupon,
IT0005500068,Italy 2.65% 12/2027,2.65,2027-12-01,99.279,Euro,govt,IT,3.3068,1.133893,22.5064,Plain Vanilla Fixed Coupon,2026-09-26
IT0005323032,Italy 2% 02/2028,2.0,2028-02-01,98.254,Euro,govt,IT,3.37,1.30226,23.1797,Plain Vanilla Fixed Coupon,2026-09-26
XS1180157544,Italy 1.862% 02/2028,1.862,2028-02-02,97.541,Euro,eurobond,IT,3.7648,1.298691,63.0733,Plain Vanilla Fixed Coupon,2026-09-25
IT0005692410,Italy 2.2% 02/2028,2.2,2028-02-28,98.323,Euro,govt,IT,3.4538,1.374027,29.1016,Plain Vanilla Fixed Coupon,2026-09-26
IT0005532723,Italy 2% 03/2028,2.0,2028-03-14,101.893,Euro,govt,IT,0.6944,1.438593,,Plain Vanilla Fixed Coupon,2026-09-25
IT0005433690,Italy 0.25% 03/2028,0.25,2028-03-15,95.572,Euro,govt,IT,3.4097,1.434967,23.226,Plain Vanilla Fixed Coupon,2026-09-26
IT0005521981,Italy 3.4% 04/2028,3.4,2028-04-01,99.929,Euro,govt,IT,3.4658,1.436553,27.2961,Plain Vanilla Fixed Coupon,2026-09-26
XS1227831382,Italy 1.666% 05/2028,1.666,2028-05-06,96.519,Euro,eurobond,IT,3.9487,1.555518,73.1028,Plain Vanilla Fixed Coupon,2026-09-25
IT0005246134,Italy 1.3% 05/2028,1.3,2028-05-15,100.478,Euro,govt,IT,1.0055,1.600858,,Plain Vanilla Fixed Coupon,2026-09-25
IT0005641029,Italy 2.65% 06/2028,2.65,2028-06-15,98.596,Euro,govt,IT,3.5318,1.643104,27.14,Plain Vanilla Fixed Coupon,2026-09-26
XS0159264570,Regione Lazio 5.695% 06/2028,5.695,2028-06-23,108.879,Euro,eurobond,IT,3.1955,,103.8621,Plain Vanilla Fixed Coupon,2024-08-20
IT0004355399,Forli (Municipality) 4.626% 06/2028,4.626,2028-06-30,,Euro,govt,IT,,,,Plain Vanilla Fixed Coupon,
IT0004360266,Modena (Province) 4.7585% 06/2028,4.7585,2028-06-30,,Euro,govt,IT,,,,Plain Vanilla Fixed Coupon,
IT0004361587,Marano sul Panaro (Municipality) 4.914% 06/2028,4.914,2028-06-30,,Euro,govt,IT,,,,Plain Vanilla Fixed Coupon,
IT0004362031,Parma (Municipality) 4.738% 06/2028,4.738,2028-06-30,,Euro,govt,IT,,,,Plain Vanilla Fixed Coupon,
IT0004362387,Provincia DI Forli-cesena 4.758% 06/2028,4.758,2028-06-30,,Euro,govt,IT,,,,Plain Vanilla Fixed Coupon,
IT0004362742,Pavullo nel Frignano (Municipality) 4.8% 06/2028,4.8,2028-06-30,,Euro,govt,IT,,,,Plain Vanilla Fixed Coupon,
IT0004388176,Argenta (Municipality) 5.239% 06/2028,5.239,2028-06-30,,Euro,govt,IT,,,,Plain Vanilla Fixed Coupon,
IT0004406093,Comacchio (Municipality) 4.805% 06/2028,4.805,2028-06-30,,Euro,govt,IT,,,,Plain Vanilla Fixed Coupon,
IT0004409014,Langhirano (Municipality) 5.116% 06/2028,5.116,2028-06-30,,Euro,govt,IT,,,,Plain Vanilla Fixed Coupon,
IT0004417264,Castelnovo ne'Monti (Municipality) 4.601% 06/2028,4.601,2028-06-30,,Euro,govt,IT,,,,Plain Vanilla Fixed Coupon,
IT0004441405,Bagnolo in Piano (Municipality) 4.196% 06/2028,4.196,2028-06-30,,Euro,govt,IT,,,,Plain Vanilla Fixed Coupon,
IT0005445306,Italy 0.5% 07/2028,0.5,2028-07-15,94.895,Euro,govt,IT,3.4791,1.761798,21.5865,Plain Vanilla Fixed Coupon,2026-09-26
IT0004397821,Viareggio (Municipality) 5.177% 07/2028,5.177,2028-07-31,,Euro,govt,IT,,,,Plain Vanilla Fixed Coupon,
IT0005548315,Italy 3.8% 08/2028,3.8,2028-08-01,100.492,Euro,govt,IT,3.5503,1.753009,28.5435,Plain Vanilla Fixed Coupon,2026-09-26
IT0004889033,Italy 4.75% 09/2028,4.75,2028-09-01,102.26,Euro,govt,IT,3.5535,1.817566,28.573,Plain Vanilla Fixed Coupon,2026-09-26
XS1121804279,Italy 1.51% 09/2028,1.51,2028-09-15,100.511,Euro,eurobond,IT,1.2492,1.926501,,Plain Vanilla Fixed Coupon,2026-09-25
IT0004413032,"Venice, City of 5.124% 09/2028",5.124,2028-09-26,,Euro,govt,IT,,,,Plain Vanilla Fixed Coupon,
IT0004421787,Viareggio (Municipality) 4.702% 10/2028,4.702,2028-10-24,,Euro,govt,IT,,,,Plain Vanilla Fixed Coupon,
IT0005729733,Italy 3% 10/2028,3.0,2028-10-30,98.85,Euro,govt,IT,3.6096,1.995766,33.6207,Plain Vanilla Fixed Coupon,2026-09-26
IT0005517195,Italy 1.6% 11/2028,1.6,2028-11-22,101.373,Euro,govt,IT,0.9544,2.097895,,Plain Vanilla Fixed Coupon,2026-09-25
IT0005340929,Italy 2.8% 12/2028,2.8,2028-12-01,98.501,Euro,govt,IT,3.5526,2.067033,27.6141,Plain Vanilla Fixed Coupon,2026-09-26
IT0004439557,Municipality of Rimini 3.966% 12/2028,3.966,2028-12-12,,Euro,govt,IT,,,,Plain Vanilla Fixed Coupon,
IT0004442957,Viareggio (Municipality) 3.956% 12/2028,3.956,2028-12-29,,Euro,govt,IT,,,,Plain Vanilla Fixed Coupon,
IE00B3KF5X31,Potenza (Province) 3.845% 12/2028,3.845,2028-12-31,,Euro,govt,IT,,,,Plain Vanilla Fixed Coupon,
IT0004398639,Modena (Province) 4.891% 12/2028,4.891,2028-12-31,,Euro,govt,IT,,,,Plain Vanilla Fixed Coupon,
IT0004398753,Faenza (Municipality) 4.846% 12/2028,4.846,2028-12-31,,Euro,govt,IT,,,,Plain Vanilla Fixed Coupon,
IT0004399116,Parma (Municipality) 4.861% 12/2028,4.861,2028-12-31,,Euro,govt,IT,,,,Plain Vanilla Fixed Coupon,
IT0004399710,Forli (Municipality) 4.874% 12/2028,4.874,2028-12-31,,Euro,govt,IT,,,,Plain Vanilla Fixed Coupon,
IT0004409022,Castelvetrano Selinunte (Municipality) 4.906% 12/2028,4.906,2028-12-31,,Euro,govt,IT,,,,Plain Vanilla Fixed Coupon,
IT0004431042,Reggio Emilia (Municipality) 4.426% 12/2028,4.426,2028-12-31,,Euro,govt,IT,,,,Plain Vanilla Fixed Coupon,
IT0004432610,Sestola (Municipality) 4.501% 12/2028,4.501,2028-12-31,,Euro,govt,IT,,,,Plain Vanilla Fixed Coupon,
IT0004433980,Provincia DI Forli-cesena 4.325% 12/2028,4.325,2028-12-31,,Euro,govt,IT,,,,Plain Vanilla Fixed Coupon,
IT0004439789,Forli (Municipality) 4.086% 12/2028,4.086,2028-12-31,,Euro,govt,IT,,,,Plain Vanilla Fixed Coupon,
IT0004440597,Pavullo nel Frignano (Municipality) 4.106% 12/2028,4.106,2028-12-31,,Euro,govt,IT,,,,Plain Vanilla Fixed Coupon,
IT0004441231,Comacchio (Municipality) 4.131% 12/2028,4.131,2028-12-31,,Euro,govt,IT,,,,Plain Vanilla Fixed Coupon,
IT0004441793,Scandiano (Municipality) 3.976% 12/2028,3.976,2028-12-31,,Euro,govt,IT,,,,Plain Vanilla Fixed Coupon,
IT0004442049,Cervia (Municipality) 3.956% 12/2028,3.956,2028-12-31,,Euro,govt,IT,,,,Plain Vanilla Fixed Coupon,
IT0004442130,Parma (Municipality) 3.956% 12/2028,3.956,2028-12-31,,Euro,govt,IT,,,,Plain Vanilla Fixed Coupon,
IT0004442189,Modena (Province) 3.941% 12/2028,3.941,2028-12-31,,Euro,govt,IT,,,,Plain Vanilla Fixed Coupon,
IT0005660052,Italy 2.35% 01/2029,2.35,2029-01-15,97.252,Euro,govt,IT,3.6404,2.196355,35.9687,Plain Vanilla Fixed Coupon,2026-09-26
IT0005566408,Italy 4.1% 02/2029,4.1,2029-02-01,101.075,Euro,govt,IT,3.6475,2.201278,36.5171,Plain Vanilla Fixed Coupon,2026-09-26
IT0005467482,Italy 0.45% 02/2029,0.45,2029-02-15,92.926,Euro,govt,IT,3.6119,2.324319,32.8305,Plain Vanilla Fixed Coupon,2026-09-26
XS1199014306,Italy 1.771% 03/2029,1.771,2029-03-05,95.132,Euro,eurobond,IT,3.9059,2.334247,62.5138,Plain Vanilla Fixed Coupon,2026-09-25
IT0005689960,Italy 2.4% 03/2029,2.4,2029-03-15,97.137,Euro,govt,IT,3.6589,2.358574,37.2632,Plain Vanilla Fixed Coupon,2026-09-26
IT0005543803,Italy 1.5% 05/2029,1.5,2029-05-15,100.578,Euro,govt,IT,1.2795,2.556099,,Plain Vanilla Fixed Coupon,2026-09-25
XS1413812881,Italy 1.913% 05/2029,1.913,2029-05-18,94.83,Euro,eurobond,IT,4.0179,2.527755,72.9124,Plain Vanilla Fixed Coupon,2026-09-25
IT0005495731,Italy 2.8% 06/2029,2.8,2029-06-15,97.829,Euro,govt,IT,3.6806,2.561129,38.555,Plain Vanilla Fixed Coupon,2026-09-26
IT0004490972,Castelnovo ne'Monti (Municipality) 3.806% 06/2029,3.806,2029-06-30,,Euro,govt,IT,,,,Plain Vanilla Fixed Coupon,
IT0004491293,Forli (Municipality) 3.755% 06/2029,3.755,2029-06-30,,Euro,govt,IT,,,,Plain Vanilla Fixed Coupon,
IT0004491434,San Giovanni in Persiceto (Municipality) 3.774% 06/2029,3.774,2029-06-30,,Euro,govt,IT,,,,Plain Vanilla Fixed Coupon,
IT0004492762,Langhirano (Municipality) 3.833% 06/2029,3.833,2029-06-30,,Euro,govt,IT,,,,Plain Vanilla Fixed Coupon,
IT0004496771,Comacchio (Municipality) 3.886% 06/2029,3.886,2029-06-30,,Euro,govt,IT,,,,Plain Vanilla Fixed Coupon,
IT0004505787,Pavullo nel Frignano (Municipality) 4.076% 06/2029,4.076,2029-06-30,,Euro,govt,IT,,,,Plain Vanilla Fixed Coupon,
IT0004508914,Argenta (Municipality) 4.056% 06/2029,4.056,2029-06-30,,Euro,govt,IT,,,,Plain Vanilla Fixed Coupon,
IT0004509896,Sestola (Municipality) 4.076% 06/2029,4.076,2029-06-30,,Euro,govt,IT,,,,Plain Vanilla Fixed Coupon,
IT0005584849,Italy 3.35% 07/2029,3.35,2029-07-01,99.163,Euro,govt,IT,3.7003,2.589331,40.3774,Plain Vanilla Fixed Coupon,2026-09-26
IT0005365165,Italy 3% 08/2029,3.0,2029-08-01,98.301,Euro,govt,IT,3.667,2.68022,36.7514,Plain Vanilla Fixed Coupon,2026-09-26
IT0005716839,Italy 3% 09/2029,3.0,2029-09-15,98.031,Euro,govt,IT,3.7354,2.804211,43.232,Plain Vanilla Fixed Coupon,2026-09-26
IT0005611055,Italy 3% 10/2029,3.0,2029-10-01,97.994,Euro,govt,IT,3.7457,2.800184,44.1413,Plain Vanilla Fixed Coupon,2026-09-26
IT0001278511,Italy 5.25% 11/2029,5.25,2029-11-01,104.38,Euro,govt,IT,3.769,2.787781,46.0487,Plain Vanilla Fixed Coupon,2026-09-25
IT0005519787,Italy 3.85% 12/2029,3.85,2029-12-15,100.322,Euro,govt,IT,3.77,2.968725,46.0203,Plain Vanilla Fixed Coupon,2026-09-26
IT0004565211,Viareggio (Municipality) 4.92% 12/2029,4.92,2029-12-30,,Euro,govt,IT,,,,Plain Vanilla Fixed Coupon,
IT0004517402,San Giovanni in Persiceto (Municipality) 3.938% 12/2029,3.938,2029-12-31,,Euro,govt,IT,,,,Plain Vanilla Fixed Coupon,
IT0004519150,Castelnovo ne'Monti (Municipality) 3.916% 12/2029,3.916,2029-12-31,,Euro,govt,IT,,,,Plain Vanilla Fixed Coupon,
IT0004554967,Novellara (Municipality) 3.801% 12/2029,3.801,2029-12-31,,Euro,govt,IT,,,,Plain Vanilla Fixed Coupon,
IT0004556962,Comacchio (Municipality) 3.778% 12/2029,3.778,2029-12-31,,Euro,govt,IT,,,,Plain Vanilla Fixed Coupon,
IT0004557291,Comacchio (Municipality) 3.758% 12/2029,3.758,2029-12-31,,Euro,govt,IT,,,,Plain Vanilla Fixed Coupon,
IT0004560386,Comacchio (Municipality) 3.751% 12/2029,3.751,2029-12-31,,Euro,govt,IT,,,,Plain Vanilla Fixed Coupon,
IT0004566128,Comacchio (Municipality) 3.941% 12/2029,3.941,2029-12-31,,Euro,govt,IT,,,,Plain Vanilla Fixed Coupon,
IT0005024234,Italy 3.5% 03/2030,3.5,2030-03-01,99.137,Euro,govt,IT,3.8059,3.186654,48.9134,Plain Vanilla Fixed Coupon,2026-09-25
IT0005383309,Italy 1.35% 04/2030,1.35,2030-04-01,92.247,Euro,govt,IT,3.7646,3.34525,44.7006,Plain Vanilla Fixed Coupon,2026-09-26
IT0005387052,Italy 0.4% 05/2030,0.4,2030-05-15,96.72,Euro,govt,IT,1.3335,3.574587,,Plain Vanilla Fixed Coupon,2026-09-25
IT0005542797,Italy 3.7% 06/2030,3.7,2030-06-15,99.624,Euro,govt,IT,3.8391,3.405426,51.5999,Plain Vanilla Fixed Coupon,2026-09-26
IT0005497000,Italy 1.6% 06/2030,1.6,2030-06-28,100.77,Euro,govt,IT,1.393,3.616305,,Plain Vanilla Fixed Coupon,2026-09-25
IT0004625726,Argenta (Municipality) 4.145% 06/2030,4.145,2030-06-30,,Euro,govt,IT,,,,Plain Vanilla Fixed Coupon,
IT0005637399,Italy 2.95% 07/2030,2.95,2030-07-01,97.011,Euro,govt,IT,3.8466,3.487851,52.2347,Plain Vanilla Fixed Coupon,2026-09-26
XS3114394995,Agenza Naziole pr l Atrazone degli Investmenti e lo Svilpo d Imresa SpA 3.125% 07/2030,3.125,2030-07-18,96.148,Euro,eurobond,IT,4.2409,3.545598,91.5493,Plain Vanilla Fixed Coupon,2026-09-25
IT0005403396,Italy 0.95% 08/2030,0.95,2030-08-01,89.926,Euro,govt,IT,3.8299,3.698437,50.3283,Plain Vanilla Fixed Coupon,2026-09-26
IT0005654642,Italy 2.7% 10/2030,2.7,2030-10-01,95.825,Euro,govt,IT,3.8709,3.694985,53.3021,Plain Vanilla Fixed Coupon,2026-09-25
IT0005561888,Italy 4% 11/2030,4.0,2030-11-15,100.5,Euro,govt,IT,3.904,3.719837,55.1583,Plain Vanilla Fixed Coupon,2026-09-26
IT0005413171,Italy 1.65% 12/2030,1.65,2030-12-01,91.57,Euro,govt,IT,3.8909,3.945758,53.4857,Plain Vanilla Fixed Coupon,2026-09-25
IT0003973085,Como (Province) 4.09% 12/2030,4.09,2030-12-16,,Euro,govt,IT,,,,Plain Vanilla Fixed Coupon,
IE00B0SY6948,Vicenza (Province) 3.795% 12/2030,3.795,2030-12-28,110.976,Euro,govt,IT,1.478,,163.272,Plain Vanilla Fixed Coupon,2022-01-07
IT0004620073,Castelnovo ne'Monti (Municipality) 4.047% 12/2030,4.047,2030-12-31,,Euro,govt,IT,,,,Plain Vanilla Fixed Coupon,
IT0004620701,Carpineti (Municipality) 4.056% 12/2030,4.056,2030-12-31,,Euro,govt,IT,,,,Plain Vanilla Fixed Coupon,
IT0004672744,Bagnolo in Piano (Municipality) 4.342% 12/2030,4.342,2030-12-31,,Euro,govt,IT,,,,Plain Vanilla Fixed Coupon,
IT0005671273,Italy 2.85% 02/2031,2.85,2031-02-01,95.853,Euro,govt,IT,3.9304,4.014411,55.6863,Plain Vanilla Fixed Coupon,2026-09-26
IT0005580094,Italy 3.5% 02/2031,3.5,2031-02-15,98.406,Euro,govt,IT,3.9321,4.004076,55.4837,Plain Vanilla Fixed Coupon,2026-09-26
IT0005422891,Italy 0.9% 04/2031,0.9,2031-04-01,87.802,Euro,govt,IT,3.9143,4.312822,52.4849,Plain Vanilla Fixed Coupon,2026-09-26
IT0001444378,Italy 6% 05/2031,6.0,2031-05-01,108.66,Euro,govt,IT,3.9548,3.939939,56.0494,Plain Vanilla Fixed Coupon,2026-09-26
IT0005707614,Italy 3.15% 06/2031,3.15,2031-06-01,96.672,Euro,govt,IT,3.9723,4.248706,57.6222,Plain Vanilla Fixed Coupon,2026-09-26
XS1435990863,Italy 1.901% 06/2031,1.901,2031-06-22,89.336,Euro,eurobond,IT,4.473,4.409653,108.8173,Plain Vanilla Fixed Coupon,2026-09-25
IT0005713547,Italy 1.6% 06/2031,1.6,2031-06-23,100.164,Euro,govt,IT,1.5699,4.522941,,Plain Vanilla Fixed Coupon,2026-09-25
IT0005595803,Italy 3.45% 07/2031,3.45,2031-07-15,97.904,Euro,govt,IT,3.9716,4.33942,57.3051,Plain Vanilla Fixed Coupon,2026-09-26
XS2870277535,International Fund for Agricultural Development 2.97% 07/2031,2.97,2031-07-30,94.896,Euro,eurobond,IT,4.1548,4.454463,76.7757,Plain Vanilla Fixed Coupon,2026-09-25
IT0005436693,Italy 0.6% 08/2031,0.6,2031-08-01,85.528,Euro,govt,IT,3.9493,4.673371,54.9874,Plain Vanilla Fixed Coupon,2026-09-26
IT0005657348,Italy 1.1% 08/2031,1.1,2031-08-15,98.043,Euro,govt,IT,1.5234,4.71827,,Plain Vanilla Fixed Coupon,2026-09-25
IT0005542359,Italy 4% 10/2031,4.0,2031-10-30,100.216,Euro,govt,IT,3.9909,4.489582,58.6423,Plain Vanilla Fixed Coupon,2026-09-26
IT0005619546,Italy 3.15% 11/2031,3.15,2031-11-15,96.197,Euro,govt,IT,4.0119,4.622919,60.6517,Plain Vanilla Fixed Coupon,2026-09-26
IT0005449969,Italy 0.95% 12/2031,0.95,2031-12-01,86.064,Euro,govt,IT,3.9948,4.932672,58.8472,Plain Vanilla Fixed Coupon,2026-09-26
IT0004175847,Genoa (Municipality) 4.27% 01/2032,4.27,2032-01-26,,Euro,govt,IT,,,,Plain Vanilla Fixed Coupon,
IT0005733636,Italy 3.95% 02/2032,3.95,2032-02-01,,Euro,govt,IT,,,,Plain Vanilla Fixed Coupon,
XS1180459395,Italy 2.192% 02/2032,2.192,2032-02-02,88.994,Euro,eurobond,IT,4.5559,4.892256,115.8001,Plain Vanilla Fixed Coupon,2026-09-25
IT0005094088,Italy 1.65% 03/2032,1.65,2032-03-01,88.623,Euro,govt,IT,4.0447,5.084091,63.4945,Plain Vanilla Fixed Coupon,2026-09-25
IT0005466013,Italy 0.95% 06/2032,0.95,2032-06-01,84.619,Euro,govt,IT,4.0485,5.392415,63.1967,Plain Vanilla Fixed Coupon,2026-09-26
IT0005648255,Italy 1.85% 06/2032,1.85,2032-06-04,101.112,Euro,govt,IT,1.6507,5.344105,,Plain Vanilla Fixed Coupon,2026-09-25
IE00B1Z76V59,Perugia (Province) 5.11% 06/2032,5.11,2032-06-30,,Euro,govt,IT,,,,Plain Vanilla Fixed Coupon,
IT0005647265,Italy 3.25% 07/2032,3.25,2032-07-15,95.848,Euro,govt,IT,4.1018,5.17535,68.2801,Plain Vanilla Fixed Coupon,2026-09-26
XS1199008670,Italy 2% 09/2032,2.0,2032-09-05,89.127,Euro,eurobond,IT,4.1232,5.480022,70.9035,Plain Vanilla Fixed Coupon,2026-09-25
IT0005138828,Italy 1.25% 09/2032,1.25,2032-09-15,97.716,Euro,govt,IT,1.6607,5.710812,,Plain Vanilla Fixed Coupon,2026-09-25
IT0005668220,Italy 3.25% 11/2032,3.25,2032-11-15,95.428,Euro,govt,IT,4.1426,5.410252,70.2928,Plain Vanilla Fixed Coupon,2026-09-26
IT0005494239,Italy 2.5% 12/2032,2.5,2032-12-01,91.512,Euro,govt,IT,4.1097,5.571126,66.6699,Plain Vanilla Fixed Coupon,2026-09-26
IT0003256820,Italy 5.75% 02/2033,5.75,2033-02-01,109.045,Euro,govt,IT,4.1555,5.294948,69.9764,Plain Vanilla Fixed Coupon,2026-09-26
IT0005689994,Italy 3.15% 03/2033,3.15,2033-03-15,94.446,Euro,govt,IT,4.1809,5.749904,71.6449,Plain Vanilla Fixed Coupon,2026-09-26
IT0005518128,Italy 4.4% 05/2033,4.4,2033-05-01,101.536,Euro,govt,IT,4.1715,5.58482,69.7356,Plain Vanilla Fixed Coupon,2026-09-26
IT0005482994,Italy 0.1% 05/2033,0.1,2033-05-15,89.018,Euro,govt,IT,1.8782,6.540305,,Plain Vanilla Fixed Coupon,2026-09-25
IT0005704868,Italy 3.3% 06/2033,3.3,2033-06-15,94.939,Euro,govt,IT,4.2151,5.872642,73.1682,Plain Vanilla Fixed Coupon,2026-09-26
IT0004411457,Carpineti (Municipality) 5.151% 06/2033,5.151,2033-06-30,,Euro,govt,IT,,,,Plain Vanilla Fixed Coupon,
IT0004421274,Baiso (Municipality) 4.931% 06/2033,4.931,2033-06-30,,Euro,govt,IT,,,,Plain Vanilla Fixed Coupon,
IT0005240350,Italy 2.45% 09/2033,2.45,2033-09-01,89.914,Euro,govt,IT,4.1831,6.231714,68.7765,Plain Vanilla Fixed Coupon,2026-09-26
IT0005722845,Italy 3.35% 09/2033,3.35,2033-09-15,94.893,Euro,govt,IT,4.2476,6.107209,75.2824,Plain Vanilla Fixed Coupon,2026-09-26
IT0005544082,Italy 4.35% 11/2033,4.35,2033-11-01,100.95,Euro,govt,IT,4.2367,5.948847,75.0714,Plain Vanilla Fixed Coupon,2026-09-25
IT0005560948,Italy 4.2% 03/2034,4.2,2034-03-01,99.8,Euro,govt,IT,4.2758,6.297636,78.6643,Plain Vanilla Fixed Coupon,2026-09-25
IT0004509144,Carpineti (Municipality) 4.246% 06/2034,4.246,2034-06-30,,Euro,govt,IT,,,,Plain Vanilla Fixed Coupon,
IT0005584856,Italy 3.85% 07/2034,3.85,2034-07-01,97.2,Euro,govt,IT,4.3198,6.562031,83.6036,Plain Vanilla Fixed Coupon,2026-09-26
IT0003685093,Italy 5.2% 07/2034,5.2,2034-07-31,103.745,Euro,govt,IT,4.6171,6.460822,112.838,Plain Vanilla Fixed Coupon,2026-09-25
IT0003535157,Italy 5% 08/2034,5.0,2034-08-01,104.799,Euro,govt,IT,4.3178,6.429483,81.8293,Plain Vanilla Fixed Coupon,2026-09-25
XS0197857856,Regione Lazio 2.435% 08/2034,2.435,2034-08-09,,Euro,eurobond,IT,,,,Plain Vanilla Fixed Coupon,
XS0208374628,Sardinia (Autonomous Region) 4.383% 12/2034,4.383,2034-12-20,96.801,Euro,eurobond,IT,5.284,3.813481,176.9042,Plain Vanilla Fixed Coupon,2026-09-25
IT0005607970,Italy 3.85% 02/2035,3.85,2035-02-01,96.595,Euro,govt,IT,4.3873,6.991212,84.862,Plain Vanilla Fixed Coupon,2026-09-26
IT0005358806,Italy 3.35% 03/2035,3.35,2035-03-01,93.162,Euro,govt,IT,4.3738,7.188367,82.8384,Plain Vanilla Fixed Coupon,2026-09-25
IT0005508590,Italy 4% 04/2035,4.0,2035-04-30,97.62,Euro,govt,IT,4.3812,7.059458,81.9646,Plain Vanilla Fixed Coupon,2026-09-26
XS2607061798,International Fund for Agricultural Development 3.096% 05/2035,3.096,2035-05-30,89.097,Euro,eurobond,IT,4.6506,7.413023,110.6475,Plain Vanilla Fixed Coupon,2026-09-25
XS0223484345,"Milan, City of 4.019% 06/2035",4.019,2035-06-29,94.85,Euro,eurobond,IT,4.7496,7.26305,120.1347,Plain Vanilla Fixed Coupon,2026-09-25
IT0005631590,Italy 3.65% 08/2035,3.65,2035-08-01,94.652,Euro,govt,IT,4.4337,7.385475,86.1394,Plain Vanilla Fixed Coupon,2026-09-26
IT0003745541,Italy 2.35% 09/2035,2.35,2035-09-15,102.861,Euro,govt,IT,2.0096,8.057842,,Plain Vanilla Fixed Coupon,2026-09-25
IT0005648149,Italy 3.6% 10/2035,3.6,2035-10-01,94.086,Euro,govt,IT,4.4507,7.417713,87.2986,Plain Vanilla Fixed Coupon,2026-09-26
XS0236470521,Sardinia (Autonomous Region) 4.022% 11/2035,4.022,2035-11-28,94.813,Euro,eurobond,IT,5.3347,4.160708,176.5162,Plain Vanilla Fixed Coupon,2026-09-25
IT0003991129,Alessandria (Province) 3.856% 12/2035,3.856,2035-12-22,,Euro,govt,IT,,,,Plain Vanilla Fixed Coupon,
IT0005676504,Italy 3.45% 02/2036,3.45,2036-02-01,92.594,Euro,govt,IT,4.4751,7.782885,88.6377,Plain Vanilla Fixed Coupon,2026-09-26
IT0005402117,Italy 1.45% 03/2036,1.45,2036-03-01,77.295,Euro,govt,IT,4.4688,8.540495,87.7551,Plain Vanilla Fixed Coupon,2026-09-26
XS0247541971,Italy 4.425% 03/2036,4.425,2036-03-28,96.154,Euro,eurobond,IT,4.9385,7.563395,135.1977,Multiple Payment Frequencies,2026-09-25
IT0005588881,Italy 1.8% 05/2036,1.8,2036-05-15,95.798,Euro,govt,IT,2.3018,8.6998,,Plain Vanilla Fixed Coupon,2026-09-25
IT0005706285,Italy 3.8% 07/2036,3.8,2036-07-01,94.785,Euro,govt,IT,4.5139,7.937391,91.1814,Plain Vanilla Fixed Coupon,2026-09-26
IT0004093073,Foggia (Municipality) 4.6% 07/2036,4.6,2036-07-15,95.723,Euro,govt,IT,5.6347,4.461782,203.2978,Plain Vanilla Fixed Coupon,2026-09-25
IT0005177909,Italy 2.25% 09/2036,2.25,2036-09-01,82.533,Euro,govt,IT,4.4953,8.612871,88.7213,Plain Vanilla Fixed Coupon,2026-09-26
IT0005729931,Italy 4% 10/2036,4.0,2036-10-01,96.081,Euro,govt,IT,4.5407,8.089532,92.9015,Plain Vanilla Fixed Coupon,2026-09-26
XS2948764563,Italy 3.55% 10/2036,3.55,2036-10-29,89.212,Euro,eurobond,IT,5.0044,8.146986,138.94,Plain Vanilla Fixed Coupon,2026-09-25
IT0004162159,Salerno (Province) 4.33% 12/2036,4.33,2036-12-22,107.622,Euro,govt,IT,3.295,,321.624,Plain Vanilla Fixed Coupon,2022-01-07
IT0003934657,Italy 4% 02/2037,4.0,2037-02-01,96.127,Euro,govt,IT,4.5202,8.287894,90.3451,Plain Vanilla Fixed Coupon,2026-09-25
IT0005725160,Italy 2% 02/2037,2.0,2037-02-15,96.405,Euro,govt,IT,2.4075,9.26189,,Plain Vanilla Fixed Coupon,2026-09-25
XS0288910598,"Abruzzo, Region of 4.45% 03/2037",4.45,2037-03-01,,Euro,eurobond,IT,,,,Plain Vanilla Fixed Coupon,
IT0005433195,Italy 0.95% 03/2037,0.95,2037-03-01,70.71,Euro,govt,IT,4.5512,9.604408,92.151,Plain Vanilla Fixed Coupon,2026-09-26
XS0305278797,"Umbria, Region of 5.087% 06/2037",5.087,2037-06-15,95.495,Euro,eurobond,IT,5.6556,8.105016,201.3351,Plain Vanilla Fixed Coupon,2026-09-25
IT0005596470,Italy 4.05% 10/2037,4.05,2037-10-30,95.873,Euro,govt,IT,4.5782,8.637853,91.9617,Plain Vanilla Fixed Coupon,2026-09-26
IT0005496770,Italy 3.25% 03/2038,3.25,2038-03-01,88.385,Euro,govt,IT,4.6179,9.254038,94.4842,Plain Vanilla Fixed Coupon,2026-09-26
XS2630467657,International Fund for Agricultural Development 3.5% 06/2038,3.5,2038-06-01,88.837,Euro,eurobond,IT,4.767,9.303931,108.2985,Plain Vanilla Fixed Coupon,2026-09-25
XS0373247104,"Turin, City of 5.27% 06/2038",5.27,2038-06-26,100.033,Euro,eurobond,IT,5.2593,5.581657,157.2316,Plain Vanilla Fixed Coupon,2026-09-25
IT0004361637,Finale Emilia (Municipality) 4.994% 06/2038,4.994,2038-06-30,,Euro,govt,IT,,,,Plain Vanilla Fixed Coupon,
IT0004402357,Pesaro and Urbino (Province) 4.853% 06/2038,4.853,2038-06-30,,Euro,govt,IT,,,,Plain Vanilla Fixed Coupon,
IT0004440605,Pesaro and Urbino (Province) 3.735% 06/2038,3.735,2038-06-30,,Euro,govt,IT,,,,Plain Vanilla Fixed Coupon,
IT0005321325,Italy 2.95% 09/2038,2.95,2038-09-01,85.095,Euro,govt,IT,4.6391,9.702235,94.4105,Plain Vanilla Fixed Coupon,2026-09-26
IT0004423189,Municipality of Rimini 4.645% 10/2038,4.645,2038-10-24,,Euro,govt,IT,,,,Plain Vanilla Fixed Coupon,
IT0005733099,Italy 4.4% 10/2038,4.4,2038-10-30,98.074,Euro,govt,IT,4.6613,9.260103,95.9348,Plain Vanilla Fixed Coupon,2026-09-26
IT0003768162,Salerno (Province) 4.5% 12/2038,4.5,2038-12-10,87.364,Euro,govt,IT,8.2196,3.592878,451.2766,Plain Vanilla Fixed Coupon,2026-09-25
IT0004440464,Marsciano (Municipality) 4.123% 12/2038,4.123,2038-12-15,,Euro,govt,IT,,,,Plain Vanilla Fixed Coupon,
IT0004436603,Rimini (Province) 4.12% 12/2038,4.12,2038-12-31,,Euro,govt,IT,,,,Plain Vanilla Fixed Coupon,
IT0004439565,"Castelli, Unione Terre di 4.066% 12/2038",4.066,2038-12-31,,Euro,govt,IT,,,,Plain Vanilla Fixed Coupon,
IT0005547812,Italy 2.4% 05/2039,2.4,2039-05-15,98.338,Euro,govt,IT,2.571,10.713594,,Plain Vanilla Fixed Coupon,2026-09-25
IT0004286966,Italy 5% 08/2039,5.0,2039-08-01,103.563,Euro,govt,IT,4.6815,9.398775,94.6803,Plain Vanilla Fixed Coupon,2026-09-26
XS2088745430,Italy 0.913% 09/2039,0.913,2039-09-01,101.265,Euro,eurobond,IT,2.7357,11.963673,,Plain Vanilla Fixed Coupon,2026-09-25
IT0005582421,Italy 4.15% 10/2039,4.15,2039-10-01,95.085,Euro,govt,IT,4.7106,9.658103,96.8594,Plain Vanilla Fixed Coupon,2026-09-26
IT0004541675,Municipality of Rimini 4.096% 10/2039,4.096,2039-10-20,,Euro,govt,IT,,,,Plain Vanilla Fixed Coupon,
IT0004551963,Marsciano (Municipality) 5.197% 11/2039,5.197,2039-11-19,,Euro,govt,IT,,,,Plain Vanilla Fixed Coupon,
IT0004558901,Varese (Province) 5.146% 12/2039,5.146,2039-12-18,123.489,Euro,govt,IT,2.5333,,0.0,Plain Vanilla Fixed Coupon,2022-01-07
IT0004565229,Municipality of Rimini 4.034% 12/2039,4.034,2039-12-28,,Euro,govt,IT,,,,Plain Vanilla Fixed Coupon,
IT0005377152,Italy 3.1% 03/2040,3.1,2040-03-01,84.382,Euro,govt,IT,4.7345,10.551474,97.4447,Plain Vanilla Fixed Coupon,2026-09-26
IT0004532559,Italy 5% 09/2040,5.0,2040-09-01,103.175,Euro,govt,IT,4.7399,9.992218,95.7949,Plain Vanilla Fixed Coupon,2026-09-26
IT0005635583,Italy 3.85% 10/2040,3.85,2040-10-01,90.984,Euro,govt,IT,4.7939,10.317891,100.8421,Plain Vanilla Fixed Coupon,2026-09-26
IT0005421703,Italy 1.8% 03/2041,1.8,2041-03-01,69.48,Euro,govt,IT,4.8025,12.032437,99.9061,Plain Vanilla Fixed Coupon,2026-09-26
IT0004545890,Italy 2.55% 09/2041,2.55,2041-09-15,101.405,Euro,govt,IT,2.4522,12.381926,,Plain Vanilla Fixed Coupon,2026-09-25
IT0005694630,Italy 3.95% 10/2041,3.95,2041-10-01,91.08,Euro,govt,IT,4.8473,10.771931,102.9245,Plain Vanilla Fixed Coupon,2026-09-27
XS0740661516,Italy 4.2% 07/2042,4.2,2042-07-25,117.238,Euro,eurobond,IT,2.8322,11.966101,,Plain Vanilla Fixed Coupon,2026-09-25
XS1192711189,Italy 1.19% 02/2043,1.19,2043-02-18,78.737,Euro,eurobond,IT,2.8391,14.464083,,Plain Vanilla Fixed Coupon,2026-09-25
XS1731657497,Regione Lazio 3.088% 03/2043,3.088,2043-03-31,85.819,Euro,eurobond,IT,5.2662,6.847092,142.5806,Plain Vanilla Fixed Coupon,2026-09-25
IT0005530032,Italy 4.45% 09/2043,4.45,2043-09-01,95.625,Euro,govt,IT,4.8892,11.622429,104.247,Plain Vanilla Fixed Coupon,2026-09-26
XS1022037805,Italy 2.97% 01/2044,2.97,2044-01-24,,Euro,eurobond,IT,,,,Plain Vanilla Fixed Coupon,
IT0004923998,Italy 4.75% 09/2044,4.75,2044-09-01,98.795,Euro,govt,IT,4.9096,11.905755,104.6524,Plain Vanilla Fixed Coupon,2026-09-25
IT0005438004,Italy 1.5% 04/2045,1.5,2045-04-30,59.207,Euro,govt,IT,4.9146,14.870446,104.003,Plain Vanilla Fixed Coupon,2026-09-25
IT0005706293,Italy 2.25% 02/2046,2.25,2046-02-15,92.753,Euro,govt,IT,2.7529,15.380466,,Plain Vanilla Fixed Coupon,2026-09-25
IT0005631608,Italy 4.1% 04/2046,4.1,2046-04-30,90.256,Euro,govt,IT,4.9369,12.741052,105.0459,Plain Vanilla Fixed Coupon,2026-09-26
XS1405801041,Italy 1.483% 05/2046,1.483,2046-05-04,78.565,Euro,eurobond,IT,2.9496,16.294908,,Plain Vanilla Fixed Coupon,2026-09-25
IT0005083057,Italy 3.25% 09/2046,3.25,2046-09-01,78.932,Euro,govt,IT,4.9804,13.705344,108.3484,Plain Vanilla Fixed Coupon,2026-09-25
IT0005162828,Italy 2.7% 03/2047,2.7,2047-03-01,71.584,Euro,govt,IT,4.9817,14.441282,108.7091,Plain Vanilla Fixed Coupon,2026-09-25
IT0004234974,Varese (Province) 4.871% 07/2047,4.871,2047-07-31,,Euro,govt,IT,,,,Plain Vanilla Fixed Coupon,
IT0005273013,Italy 3.45% 03/2048,3.45,2048-03-01,80.783,Euro,govt,IT,4.9694,14.135948,108.6852,Plain Vanilla Fixed Coupon,2026-09-26
IT0004333792,Varese (Province) 4.853% 07/2048,4.853,2048-07-31,,Euro,govt,IT,,,,Plain Vanilla Fixed Coupon,
IT0005363111,Italy 3.85% 09/2049,3.85,2049-09-01,85.293,Euro,govt,IT,4.9881,14.342279,111.3501,Plain Vanilla Fixed Coupon,2026-09-26
IT0005398406,Italy 2.45% 09/2050,2.45,2050-09-01,65.076,Euro,govt,IT,5.0204,16.160675,115.0563,Plain Vanilla Fixed Coupon,2026-09-26
IT0005436701,Italy 0.15% 05/2051,0.15,2051-05-15,54.831,Euro,govt,IT,2.6801,23.626472,,Plain Vanilla Fixed Coupon,2026-09-25
IT0005425233,Italy 1.7% 09/2051,1.7,2051-09-01,53.728,Euro,govt,IT,5.0137,17.848242,113.6788,Plain Vanilla Fixed Coupon,2026-09-26
IT0005480980,Italy 2.15% 09/2052,2.15,2052-09-01,59.222,Euro,govt,IT,5.0241,17.369102,114.0148,Plain Vanilla Fixed Coupon,2026-09-26
XS0970703772,Italy 5.05% 09/2053,5.05,2053-09-11,94.991,Euro,eurobond,IT,5.4779,14.255157,158.6992,Plain Vanilla Fixed Coupon,2026-09-25
IT0005534141,Italy 4.5% 10/2053,4.5,2053-10-01,92.638,Euro,govt,IT,5.0619,14.723478,117.0321,Plain Vanilla Fixed Coupon,2026-09-26
IT0005611741,Italy 4.3% 10/2054,4.3,2054-10-01,89.42,Euro,govt,IT,5.0689,15.120817,117.0256,Plain Vanilla Fixed Coupon,2026-09-26
IT0005668238,Italy 4.65% 10/2055,4.65,2055-10-01,94.121,Euro,govt,IT,5.1008,15.069149,119.5116,Plain Vanilla Fixed Coupon,2026-09-26
IT0005647273,Italy 2.55% 05/2056,2.55,2056-05-15,94.01,Euro,govt,IT,2.871,20.16465,,Plain Vanilla Fixed Coupon,2026-09-25
XS0280146357,Italy 1.85% 09/2057,1.85,2057-09-15,72.515,Euro,eurobond,IT,3.2946,21.777375,,Plain Vanilla Fixed Coupon,2026-09-25
XS0342993747,Italy 2.2% 09/2058,2.2,2058-09-15,79.547,Euro,eurobond,IT,3.257,21.472262,,Plain Vanilla Fixed Coupon,2026-09-25
XS0515753183,Italy 4.85% 06/2060,4.85,2060-06-11,93.42,Euro,eurobond,IT,5.3383,15.684975,142.7003,Plain Vanilla Fixed Coupon,2026-09-25
XS0293217799,Italy 2% 09/2062,2.0,2062-09-15,71.727,Euro,eurobond,IT,3.3887,23.218103,,Plain Vanilla Fixed Coupon,2026-09-25
XS0936805612,Italy 4.75% 05/2063,4.75,2063-05-28,92.134,Euro,eurobond,IT,5.3027,16.228936,139.1394,Plain Vanilla Fixed Coupon,2026-09-25
IT0005217390,Italy 2.8% 03/2067,2.8,2067-03-01,63.823,Euro,govt,IT,4.9085,19.757305,99.6558,Plain Vanilla Fixed Coupon,2026-09-26
IT0005441883,Italy 2.15% 03/2072,2.15,2072-03-01,52.92,Euro,govt,IT,4.702,22.084558,79.346,Plain Vanilla Fixed Coupon,2026-09-25
